"4fadb045-f159-470d-8083-d2dd264e400f","2018-07-21T11:31:03.363Z","Oppo smartphones coming to the UK: can it take on Apple and Samsung?","https://www.which.co.uk/news/2018/07/oppo-smartphones-coming-to-the-uk-can-it-take-on-apple-and-samsung/","Investment Topics#Adj_Up#Country#Noun_Up#Industry Sector#Verbs_Love#Practice Areas#Verbs_Up#Verbs_Satisfy#Noun_Down#Adj_Good#Company#Corporate Topics#Region#Tech Topic",,"positive"
"b92a1080-7048-47fe-a537-ec5bc3552c9f","2018-07-20T09:00:57.878Z","Samsung Could Kill Note Brand, Launch a Galaxy S10 with S Pen","https://news.softpedia.com/news/samsung-could-kill-note-brand-launch-a-galaxy-s10-with-s-pen-522046.shtml","Investment Topics#Adj_Up#Country#Industry Sector#Adj_Good#Company#Verbs_Down#Region#Verbs_U",,"positive"
"6573cf0f-b590-4829-b328-9a8bcda628a2","2018-07-17T07:27:05.752Z","Samsung to Counter Cheaper iPhone with Iris Scanner on Budget Models","https://news.softpedia.com/news/samsung-to-counter-cheaper-iphone-with-iris-scanner-on-budget-models-521990.shtml","Investment Topics#Adj_Up#Country#Noun_Up#Industry Sector#City#Verbs_Love#Verbs_Down#Verbs_Up#Adj_Good#Company#Region#Tech Topics#Adj_Dow",,"negative"
"044577ee-94cd-4fab-aa6b-701d00436579","2018-07-17T04:18:40.004Z","Samsung Unveils First 8Gb LPDDR5 DRAM for 5G Mobile Apps","http://www.eweek.com/pc-hardware/samsung-unveils-first-8gb-lpddr5-dram-for-5g-mobile-apps","Investment Topics#Adj_Up#Country#Noun_Up#Industry Sector#Noun_Down#Company#Verbs_Down#Region#Tech Topics#Verbs_Up#Adj_Dow",,"positive"
"8117c4d2-81a7-41ad-8bf7-1a015b8ad504","2018-07-17T00:21:03.184Z","Samsung Announces First LPDDR5 DRAM Chip, Targets 6.4Gbps Data Rates & 30% Reduced Power","https://www.anandtech.com/show/13084/samsung-announces-first-lpddr5-64gbps-data-rates","Investment Topics#Adj_Up#Country#Noun_Up#Industry Sector#Verbs_Love#Automotive Topics#Verbs_Down#Verbs_Up#Adj_Good#Company#Corporate Topics#Region#Tech Topics#Adj_Dow",,"positive"
"e1293255-aad6-439f-a488-0bc49680a2ab","2018-07-16T09:18:50.031Z","Huawei may beat Samsung to become top player in 5G technology","https://www.hindustantimes.com/tech/huawei-may-beat-samsung-to-be-top-player-in-5g-technology/story-nxjpMnpRpyhAW1dgeDOXfJ.html","Investment Topics#Adj_Up#Country#Industry Sector#Congress#Verbs_Love#Practice Areas#Verbs_Down#Verbs_Up#Financial Services Topics#Verbs_Satisfy#Adj_Good#Company#Corporate Topics#Region#Tech Topic",,"negative"
"98b7f2a6-b787-4a6b-92ad-7ee3b8f7196c","2018-07-13T06:03:11.541Z","Study: iPhone 6 has Highest Failure Rate Among iPhones -- But Samsung's Rate is Higher","https://appleinsider.com/articles/18/07/12/study-iphone-6-has-highest-failure-rate-among-iphones----but-samsungs-rate-is-higher?ref=techi.com","Investment Topics#Adj_Up#Country#Industry Sector#Noun_Down#Company#Corporate Topics#Region#Tech Topic",,"negative"
"3077ecce-e1db-4ccd-a6e4-b771f642a9e5","2018-07-12T09:40:47.736Z","NVMe SSD Roundup 2018: Intel Optane, WD Black and Samsung 970 Evo/Pro","https://www.techspot.com/review/1651-nvme-ssd-performance-2018/","Investment Topics#Adj_Up#Country#Noun_Up#Industry Sector#Adj_Bad#Verbs_Love#Verbs_Down#Verbs_Up#Verbs_Satisfy#Noun_Down#Adj_Good#Company#Corporate Topics#Region#Adj_Dow",,"positive"
"f1d03367-5e1f-4de2-92b1-2b577f399b21","2018-07-11T11:24:51.369Z","Samsung: Take Your Mobile Gaming to the Next Level","https://www.albawaba.com/business/pr/samsung-take-your-mobile-gaming-next-level-1157816","Investment Topics#Adj_Up#Country#Noun_Up#Verbs_Love#Adj_Good#Company#Corporate Topics#Region#Verbs_Up#Adj_Dow",,"positive"
"06e7483e-1c41-4b52-b2a9-2d8585bd67cc","2018-07-09T15:32:46.335Z","Samsung, ARM Expand Collaboration in HPC at 7nm, 5nm","https://www.extremetech.com/computing/272999-samsung-arm-expand-collaboration-in-hpc-at-7nm-5nm","Investment Topics#Adj_Up#Country#Noun_Up#Industry Sector#Verbs_Love#Verbs_Down#Verbs_Up#Noun_Down#Adj_Good#Company#Corporate Topics#Regio",,"negative"
"0ce38b6e-8deb-41ef-9e94-095d799fa7c8","2018-07-09T00:47:09.094Z","Check out the iPhone That Is Beating Samsung Galaxy S9 Plus in Total Market Share","https://www.albawaba.com/business/check-out-iphone-beating-samsung-galaxy-s9-plus-total-market-share-1156044","Investment Topics#Adj_Up#Country#Noun_Up#Industry Sector#Adj_Bad#Verbs_Love#Verbs_Down#Verbs_Up#Verbs_Disappoint#Adj_Good#Company#Corporate Topics#Region#Tech Topics#Adj_Dow",,"negative"
"efabf5aa-cd84-4760-92d2-7957f1d4ec7d","2018-07-09T00:16:23.076Z","Samsung sets up the world's largest mobile factory in Noida: Report","https://in.news.yahoo.com/samsung-sets-world-apos-largest-070504806.html","Investment Topics#Adj_Up#Country#Noun_Up#City#Congress#Adj_Bad#Verbs_Love#Verbs_Down#Verbs_Up#Adj_Good#Company#Corporate Topics#Region#Tech Topics#Adj_Dow",,"positive"
"343f0e35-dcfb-4b15-bc8e-be7f96049a9c","2018-07-06T07:40:45.661Z","Samsung Electronics disappoints with second-quarter trading statement","http://www.proactiveinvestors.com/companies/news/200268/samsung-electronics-disappoints-with-second-quarter-trading-statement-200268.html","Investment Topics#Adj_Up#Country#Noun_Up#Industry Sector#Adj_Bad#Verbs_Down#Verbs_Up#Financial Services Topics#Verbs_Disappoint#Noun_Down#Adj_Good#Company#Corporate Topics#Region#Tech Topics#Adj_Dow",,"negative"
"04e911c2-f97d-4abe-a5af-d7f0623e87a1","2018-07-05T09:27:34.858Z","Samsung in Panic Mode as New Phones No Longer Impress","https://news.softpedia.com/news/samsung-in-panic-mode-as-new-phones-no-longer-impress-521842.shtml","Investment Topics#Adj_Up#Country#Noun_Up#Industry Sector#Verbs_Down#Verbs_Up#Noun_Down#Adj_Good#Company#Corporate Topics#Region#Tech Topics#Adj_Dow",,"negative"
"0dd8d141-a6cd-4af2-9e4c-e8e4d80b14f6","2018-07-05T00:00:00Z","Samsung to use new technology for QLED TVs, says report","https://www.digitimes.com/newregister/join.asp?view=Article&DATEPUBLISH=2018/07/05&PAGES=PD&SEQ=204","Investment Topics#Noun_Up#Country#Industry Sector#Company#Region#Verbs_U",,"positive"
"66a29b5e-17ed-4592-9576-c019caa90bbd","2018-07-04T01:01:54.322Z","Samsung's second-quarter profit seen flagging as smartphone innovation dries...","http://www.euronews.com/2018/07/04/samsungs-second-quarter-profit-seen-flagging-as-smartphone-innovation-dries-up","Investment Topics#Adj_Up#Country#Noun_Up#Industry Sector#Verbs_Down#Verbs_Up#Financial Services Topics#Noun_Down#Adj_Good#Company#Corporate Topics#Region#Tech Topics#Adj_Dow",,"positive"
"d755e0c1-5e2e-41be-a7c6-529f87329f55","2018-07-03T13:03:33.555Z","Samsung Galaxy S9+ review: The best just got (incrementally) better","https://www.mirror.co.uk/tech/samsung-galaxy-s9-review-best-12130959","Investment Topics#Adj_Up#Country#Noun_Up#Industry Sector#Adj_Bad#Verbs_Love#Verbs_Down#Verbs_Up#Noun_Down#Adj_Good#Company#Corporate Topics#Region#Tech Topics#Adj_Dow",,"positive"
"4c082621-14fb-44b5-9b17-a59f1c79b644","2018-06-29T10:23:19.924Z","Only Samsung, Apple offering good smartphone customer service - study","https://www.telecompaper.com/news/only-samsung-apple-offering-good-smartphone-customer-service-study--1250718","Investment Topics#Adj_Up#Country#Noun_Up#Industry Sector#Noun_Down#Adj_Good#Company#Region#Tech Topics#Verbs_U",,"positive"
"f07c37e7-f3ae-494d-9bd3-8cd0c900e884","2018-06-28T20:03:42.558Z","Wirecutter's best deals: Save $45 on a Samsung 4K Blu-ray player","https://www.engadget.com/2018/06/28/wirecutters-best-deals-save-on-a-samsung-UBD-M8500-4k-blu-ray-player/","Investment Topics#Adj_Up#Country#Noun_Up#Industry Sector#Adj_Bad#Verbs_Love#Verbs_Down#Verbs_Up#Verbs_Satisfy#Noun_Down#Adj_Good#Company#Corporate Topics#Region#Adj_Dow",,"positive"
"81c2b882-71ea-4e1e-8faa-50943360d58e","2018-06-28T00:08:14.951Z","Samsung Is Enhancing The Sharpness & Colour Of Smartphone Photos With New Technology","https://www.ephotozine.com/article/samsung-is-enhancing-the-sharpness---colour-of-smartphone-photos-with-new-technology--32424?utm_source=feedburner&utm_medium=feed&utm_campaign=Feed%3A+Ephotozine+%28ePHOTOzine%29","Investment Topics#Adj_Up#Country#Noun_Up#Noun_Down#Adj_Good#Company#Region#Tech Topics#Verbs_U",,"positive"
"21f9926b-d81e-4c7e-8f38-8e7a2ac43cc4","2018-06-28T00:00:00Z","Sharp, Samsung to compete in 8K TV segment","https://www.digitimes.com/news/a20180628PD203.html","Investment Topics#Adj_Up#Country#Noun_Up#Industry Sector#City#Adj_Good#Company#Corporate Topics#Verbs_Down#Region#Verbs_Up#Adj_Dow",,"positive"
"ead7da19-afd2-4544-9223-7b35796f2a73","2018-06-27T23:52:36.415Z","Samsung s8 pretty phone case Brainwashed super soldiers to fight Danger 5-samsung galaxy s7 edge case ted baker-awpvqm","http://www.theotcinvestor.com/samsung-s8-pretty-phone-case-brainwashed-super-soldiers-fight-danger-5-samsung-galaxy-s7-edge-case-ted-baker-awpvqm/","Investment Topics#Adj_Up#Country#Noun_Up#Industry Sector#Verbs_Love#Adj_Good#Practice Areas#Company#Region#Verbs_U",,"positive"
"f587fc40-c61b-4f15-99b0-7be7716d6f37","2018-06-27T23:51:46.422Z","Samsung s8 pretty phone case But that is where the audience is-samsung galaxy s9 case cat-sckwra","http://www.theotcinvestor.com/samsung-s8-pretty-phone-case-audience-samsung-galaxy-s9-case-cat-sckwra/","Investment Topics#Adj_Up#Country#City#Noun_Down#Verbs_Love#Adj_Good#Company#State#Region#Verbs_Up#Adj_Dow",,"positive"
"0afd9af7-0e00-46cb-ae1b-a38526907308","2018-06-27T19:40:05.987Z","Apple, Samsung settle U.S. patent dispute","http://www.euronews.com/2018/06/27/apple-samsung-settle-us-patent-dispute","Investment Topics#Adj_Up#Country#Industry Sector#City#Practice Areas#Company#Courts#Corporate Topics#State#Region#Adj_Dow",,"positive"
"33cc9c9e-51cf-41cd-afa7-09aa3a86e28c","2018-06-27T09:41:36.27Z","Samsung's ISOCELL Plus camera sensor upgrades low light performance","https://www.engadget.com/2018/06/27/samsung-isocell-plus-camera-sensor-light-performance/","Investment Topics#Adj_Up#Country#Noun_Up#Noun_Down#Adj_Good#Company#Corporate Topics#Region#Verbs_Up#Adj_Dow",,"positive"
"9110f0b7-bcc5-4299-b204-0fe2f83913e5","2018-06-26T17:40:08.837Z","Lam Research stock gains after UBS upgrades to buy, says Samsung delay concern 'sets a low bar'","http://www.marketwatch.com/story/lam-research-stock-gains-after-ubs-upgrades-to-buy-says-samsung-delay-concern-sets-a-low-bar-2018-06-26","Investment Topics#Adj_Up#Country#Noun_Up#Industry Sector#Adj_Bad#Typically Excluded Topics#Adj_Good#Company#Corporate Topics#Region#Verbs_Up#Adj_Dow",,"negative"
"ac07ad12-8d27-4de9-8080-d30b0c032761","2018-06-26T13:00:00Z","Samsung Devices Achieve Approval from the U.S. Department of Defense","http://www.businesswire.com/news/home/20180626005354/en","Investment Topics#Adj_Up#Country#Industry Sector#USFedAgency#Verbs_Love#Verbs_Down#Verbs_Up#Verbs_Satisfy#Noun_Down#Adj_Good#Company#Corporate Topics#Region#Adj_Down#InfoNgen Defens",,"negative"
"5623f316-732a-4302-9c25-e47eb070ca0d","2018-06-25T23:37:08.116Z","Luxury marketing strategy for Samsung’s QLED TV","http://english.donga.com/List/3/02/26/1364371/1","Investment Topics#Adj_Up#Country#Noun_Up#Industry Sector#Verbs_Love#Adj_Good#Company#Verbs_Down#Region#Verbs_Up#Adj_Dow",,"positive"
"9c0d5707-51da-4267-a46a-1b82639eefbf","2018-06-22T00:00:00Z","Synopsys RedHawk Analysis Fusion Certified for Samsung Foundry's 10LPE, 8LPP, 7LPP Advanced-Node Designs","https://www.tmcnet.com/usubmit/2018/06/22/8776701.htm","Investment Topics#Adj_Up#Country#Noun_Up#Industry Sector#Executives (new)#Verbs_Up#Noun_Down#Adj_Good#Company#Corporate Topics#State#Regio",,"positive"
"f296d63a-b001-4593-8673-7d3a7cfc6402","2018-06-21T15:11:25.846Z","Samsung Galaxy A8 to go on sale in Germany 01 July","https://www.telecompaper.com/news/samsung-galaxy-a8-to-go-on-sale-in-germany-01-july--1249566","Investment Topics#Adj_Up#Country#Industry Sector#Noun_Down#Adj_Good#Company#Verbs_Down#Region#Tech Topics#Verbs_Up#Adj_Down#Financial Services Topic",,"negative"
"781368d7-8dfe-40c0-80bf-1d5941b7466e","2018-06-21T06:32:00Z","Samsung SDI Targets EU Market with New Residential ESS Module","http://www.businesswire.com/news/home/20180620006416/en","Investment Topics#Adj_Up#Country#Noun_Up#Industry Sector#Executives (new)#Noun_Down#Adj_Good#Company#Verbs_Down#Region#Verbs_Up#Adj_Dow",,"negative"
"d638b41d-2978-4557-94ce-8c802c304a53","2018-06-20T15:20:57.144Z","Micron stock outperformance relative to Samsung flies counter to historical trends, says Instinet","http://www.marketwatch.com/story/micron-stock-outperformance-relative-to-samsung-flies-counter-to-historical-trends-says-instinet-2018-06-20","Investment Topics#Adj_Up#Country#Industry Sector#Typically Excluded Topics#Adj_Good#Company#Corporate Topics#Region#Verbs_U",,"positive"
"cdf58088-3c9a-4333-8d49-0dd881f57a75","2018-06-19T23:48:36.901Z","Samsung Ordered to Pay $400 Mil. for Patent Infringement","http://www.businesskorea.co.kr/news/articleView.html?idxno=23075","Investment Topics#Country#Noun_Up#Industry Sector#Practice Areas#Verbs_Down#Verbs_Up#Verbs_Satisfy#Adj_Good#Company#State#Corporate Topics#Regio",,"positive"
"74a21541-baf7-419d-af82-ed99ef1466ee","2018-06-18T03:21:49.296Z","This Week In Mobile: Vivo Nex, Samsung Tops Mobile Sales, Apple Shuts iPhone Loophole, Lumen Privacy","https://www.forbes.com/sites/jeanbaptiste/2018/06/17/this-week-in-mobile-vivo-nex-samsung-tops-mobile-sales-apple-shuts-iphone-loophole-lumen-privacy/","Investment Topics#Adj_Up#Country#Noun_Up#Industry Sector#Verbs_Love#Verbs_Down#Verbs_Up#Noun_Down#Adj_Good#Company#Region#Tech Topics#Adj_Dow",,"positive"
"1db4b542-c931-4453-b0f0-f08db55aa354","2018-06-15T10:05:11.977Z","Samsung launches premium Chromebook Plus V2","https://HEXUS.net/tech/news/laptop/119300-samsung-launches-premium-chromebook-plus-v2/","Investment Topics#Adj_Up#Country#Noun_Up#Industry Sector#Verbs_Love#Adj_Good#Company#Corporate Topics#Region#Verbs_U",,"positive"
"6812fba0-0769-426d-90b8-e6c84e59db02","2018-06-14T14:37:41.631Z","Fifa World Cup to boost premium TV sales by 10-15 Samsung","https://www.moneycontrol.com/news/world/fifa-world-cup-to-boost-premium-tv-sales-by-10-15-samsung-2590625.html","Investment Topics#Adj_Up#Country#Noun_Up#Company#Corporate Topics#Region#Verbs_Up#Adj_Dow",,"positive"
"3baa170b-92c4-4d26-851a-4fad03cc05de","2018-06-14T13:41:26.041Z","Samsung Gear S4 May Get A Gold Variant As Well [REPORT]","https://www.valuewalk.com/2018/06/samsung-gear-s4-new-color-gold/","Investment Topics#Adj_Up#Country#Noun_Up#Industry Sector#City#Adj_Bad#Verbs_Love#Verbs_Down#Verbs_Up#Typically Excluded Topics#Adj_Good#Company#Corporate Topics#Region#Tech Topics#Adj_Dow",,"positive"
"1af60918-2f2e-49a3-8c06-ca4e1b7f77c2","2018-06-12T17:00:00Z","CORRECTING and REPLACING Samsung Recognizes ProAV Partner Excellence at Annual Smart Signage Awards Celebration","http://www.businesswire.com/news/home/20180611005138/en","Investment Topics#Adj_Up#Country#Noun_Up#Industry Sector#Typically Excluded Topics#Adj_Good#Company#Corporate Topics#Region#Verbs_U",,"positive"
"25588238-c424-4fd7-a821-5770628de53a","2018-06-11T01:32:36.001Z","Samsung Galaxy S9 Plus pips Apple iPhone X to become the best-selling model","https://www.hindustantimes.com/tech/samsung-galaxy-s9-plus-pips-apple-iphone-x-to-become-the-best-selling-model/story-cI7QQ31Z2pFAT8OW00ljlI.html","Investment Topics#Country#Noun_Up#Industry Sector#Adj_Good#Company#Verbs_Down#Region#Tech Topics#Verbs_U",,"positive"
"175bcf4d-cfc5-4bd7-aa7e-03192c0d575e","2018-06-05T06:08:07.48Z","Samsung Joins Microsoft’s Push for Windows 10 ARM","https://news.softpedia.com/news/samsung-joins-microsoft-s-push-for-windows-10-arm-521403.shtml","Investment Topics#Country#Industry Sector#Company#Corporate Topics#Region#Tech Topics#Verbs_U",,"positive"
"173cb8d9-bff2-4ce2-b156-e565c72a6214","2018-06-04T22:51:51.943Z","2018 May Fab Reports Highlights Samsung continues to outspend other chip manufacturers this year, while China has accelerated its fab equipment investment plans.","http://www.semi.org/en/highlights-may-2018-edition-fab-databases","Investment Topics#Country#Industry Sector#Verbs_Satisfy#Adj_Good#Company#Corporate Topics#Region#Financial Services Topic",,"positive"
"d59f39fa-ed54-4966-8dbe-f04f22441567","2018-06-04T14:37:00Z","Strategy Analytics: 2017 Baseband Market Share: Intel, HiSilicon and Samsung LSI Register Double-Digit Growth","http://www.businesswire.com/news/home/20180604005896/en","Investment Topics#Adj_Up#Country#Noun_Up#Industry Sector#Executives (new)#Verbs_Down#Verbs_Up#Noun_Down#Adj_Good#Company#Corporate Topics#Region#Tech Topic",,"positive"
"1267906a-1a15-40ef-8734-0b0deb68956d","2018-05-31T00:22:57.454Z","Samsung mass producing 10nm-class 32GB DDR4 SoDIMMs for gaming laptops","https://www.techspot.com/news/74852-samsung-mass-producing-10nm-class-32gb-ddr4-sodimms.html","Investment Topics#Adj_Up#Country#Industry Sector#Noun_Down#Adj_Good#Company#Region#Tech Topics#Verbs_U",,"positive"
"e809b404-c95b-43bb-9cef-2d78df6fc179","2018-05-29T09:12:14.181Z","Combines E8 Storage’s software and Mellanox’s switch, AIC’s visionary in-house design and Samsung’s new NF1 Small Form Factor SSDs to unleash ground-breaking performance","http://www.aicipc.com/en/news/5553","Investment Topics#Adj_Up#Country#Noun_Up#Industry Sector#Verbs_Down#Verbs_Up#Financial Services Topics#Adj_Good#Company#Corporate Topics#Region#Tech Topics#Adj_Dow",,"positive"
"c96e90b5-0cb7-46b2-b823-a65774392d1c","2018-05-29T02:22:00.357Z","Samsung Electronics, is increasing full screen rigid OLED adoption.","http://www.olednet.com/en/samsung-electronics-is-increasing-full-screen-rigid-oled-adoption/","Investment Topics#Adj_Up#Country#Noun_Up#Adj_Bad#Adj_Good#Company#Corporate Topics#Verbs_Down#Region#Tech Topics#Verbs_Up#Adj_Dow",,"positive"
"e8d0b134-168c-4d7f-b1e9-7b5afabaaa51","2018-05-28T01:13:33.37Z","Galaxy Note 9 Leak Exposes Samsung's Massive Upgrade","https://www.forbes.com/sites/gordonkelly/2018/05/27/samsung-galaxy-note-9-specs-design-storage-price-release-date/","Investment Topics#Country#Adj_Up#Adj_Good#Company#Region#Tech Topics#Verbs_U",,"positive"
"b982b9d4-aa31-4176-8062-3ba070328576","2018-05-25T06:07:44.479Z","Samsung expects exponential growth for QLED TV shipments in 2018","https://www.digitimes.com/news/a20180524PD201.html","Investment Topics#Country#Noun_Up#Industry Sector#Executives (new)#Adj_Good#Company#Corporate Topics#Region#Verbs_U",,"positive"
"f6af07d4-e28d-4a0b-bb0a-c401cfe23474","2018-05-25T04:03:26.592Z","Samsung Says New 7-Nanometer Chip Production Starting This Year","https://www.bloomberg.com/news/articles/2018-05-22/samsung-says-new-7-nanometer-chip-production-starting-this-year","Investment Topics#Adj_Up#Country#Noun_Up#Industry Sector#Adj_Bad#Verbs_Love#Adj_Good#Company#Verbs_Down#Region#Verbs_U",,"positive"
"b967a6d5-f8fc-42f6-9faa-aa02771b74f5","2018-05-25T00:00:00Z","The Week in Tech: Draper Esprit raises £176m, Samsung’s AI, tackling diversity and more","https://www.uktech.news/news/the-week-in-tech-draper-esprit-raises-176m-samsungs-ai-and-tackling-diversity-20180525","Investment Topics#Adj_Up#Country#Noun_Up#Industry Sector#Verbs_Love#Adj_Good#Company#Corporate Topics#Region#Verbs_U",,"positive"
"5bc11f21-9e8f-4549-9773-f79d859144ec","2018-05-24T23:00:19.229Z","Apple wins $539 million in damages from Samsung","http://www.marketwatch.com/story/apple-wins-539-million-in-damages-from-samsung-2018-05-24","Investment Topics#Adj_Up#Country#Industry Sector#Typically Excluded Topics#Practice Areas#Company#Corporate Topics#Region#Verbs_U",,"positive"
"47ae3b77-3518-4862-92cb-276d7130f234","2018-05-24T16:57:45.658Z","3nm in Samsung Plans for 2021","https://www.eetasia.com/news/article/18052403-3nm-in-samsung-plans-for-2021","Investment Topics#Adj_Up#Country#Noun_Up#Industry Sector#Verbs_Love#Adj_Good#Company#State#Verbs_Down#Region#Verbs_Up#Adj_Dow",,"positive"
"c0a09d40-a3df-4ada-b02c-d96d78c00fc7","2018-05-24T16:28:48.285Z","Samsung BioLogics Receives Additional FDA Approval","http://www.contractpharma.com/contents/view_breaking-news/2018-05-24/samsung-biologics-receives-additional-fda-approval/","Healthcare#Investment Topics#Country#Adj_Up#Industry Sector#Noun_Down#Adj_Good#Company#Corporate Topics#Region#Verbs_U",,"positive"
"3a4a9278-5f48-461d-b4aa-fed2ef16bc38","2018-05-23T11:42:53.246Z","Mossberg: The Samsung Galaxy S8 squeezes more into less","https://www.recode.net/2017/4/18/15333958/mossberg-review-samsung-galaxy-s8-flagship-phone","Investment Topics#Country#Adj_Up#Noun_Up#Industry Sector#Adj_Bad#Verbs_Love#Verbs_Down#Verbs_Up#Noun_Down#Adj_Good#Company#Corporate Topics#Region#Tech Topic",,"negative"
"85dc28c5-ef38-4d6b-9e40-698e3773939c","2018-05-23T10:55:21.4Z","Biogen Paying $650m to Up Stake in Samsung Bioepis","http://www.bioprocessintl.com/bioprocess-insider/deal-making/biogen-paying-650m-to-up-stake-in-samsung-bioepis/","Investment Topics#Adj_Up#Country#Noun_Up#Industry Sector#Drugs#Adj_Good#Practice Areas#Company#Corporate Topics#Region#Verbs_U",,"positive"
"825978da-ae59-4fe7-a7a5-e66fa7359c14","2018-05-22T23:50:21.54Z","Samsung, SK to invest W45 tril. in semiconductors","https://www.koreatimes.co.kr/www/tech/2018/05/133_249326.html","Investment Topics#Adj_Up#Country#Noun_Up#Industry Sector#Adj_Bad#Practice Areas#Verbs_Down#Verbs_Up#Noun_Down#Adj_Good#Company#Corporate Topics#Region#Tech Topics#Adj_Dow",,"positive"
"f06981ba-95cb-4e69-ab60-70c348f0d68c","2018-05-22T12:22:22.749Z","Leading the OLED market of Samsung Display continues this year","http://www.olednet.com/en/leading-oled-market-samsung-display-continues-year/","Investment Topics#Adj_Up#Country#Company#Corporate Topics#Region#Verbs_U",,"positive"
"5235db33-b21f-4f45-8b1a-75a57904c676","2018-05-22T11:57:51.273Z","Molex Earns Samsung Award for Innovation","http://news.kochind.com/news/2017/molex-earns-samsung-award-for-innovation","Investment Topics#Country#Noun_Up#Industry Sector#Verbs_Satisfy#Noun_Down#Adj_Good#Company#Corporate Topics#Regio",,"positive"
"5743ac84-26ec-4710-b35d-fb72ea716d42","2018-05-21T00:32:38.482Z","The New Software Update on Samsung’s Gear Fit2 Series Takes Your Training up a Notch","https://www.albawaba.com/business/pr/new-software-update-samsung%E2%80%99s-gear-fit2-series-takes-your-training-notch-1134116","Investment Topics#Country#Noun_Up#Industry Sector#Adj_Good#Company#Region#Tech Topics#Verbs_U",,"positive"
"02791917-07c0-42df-a248-3f135902e335","2018-05-18T00:00:00Z","Samsung’s newest ad is poking fun at Apple, but the joke could be on them","https://ameinfo.com/technology/gadgets/samsungs-newest-ad-is-poking-fun-at-apple-but-the-joke-could-be-on-them/","Investment Topics#Adj_Up#Country#Noun_Up#Industry Sector#Noun_Down#Adj_Good#Practice Areas#Company#Verbs_Down#Region#Verbs_Up#Adj_Dow",,"positive"
"46a2a29b-ff1f-46ca-a580-c40aeff67e94","2018-05-17T16:40:32.206Z","Samsung Compares Galaxy S9 to Very Slow iPhone 6 in Frivolous Ad","https://www.macrumors.com/2018/05/17/samsung-galaxy-s9-vs-iphone-6-ad/?ref=techi.com","Investment Topics#Country#Industry Sector#Adj_Bad#Noun_Down#Adj_Good#Company#Corporate Topics#Region#Tech Topics#Verbs_Up#Adj_Dow",,"positive"
"ff7e326b-d002-4e13-8b5a-09a1cd6c1a87","2018-05-17T16:07:00Z","Global UHD TV Market 2018-2022: Market to Grow at a CAGR of 28.23% - Key Vendors are Changhong Electric, Hisense, LG Electronics, Samsung & Sony - ResearchAndMarkets.com","http://www.businesswire.com/news/home/20180517006059/en","Investment Topics#Adj_Up#Country#Noun_Up#Industry Sector#Typically Excluded Topics#Noun_Down#Company#Corporate Topics#Verbs_Down#Region#Verbs_Up#Adj_Dow",,"positive"
"cf2ad675-82f3-42cf-bd6c-649093724aee","2018-05-17T11:36:25.172Z","Samsung prepares 49-inch 5120 x 1440 resolution 120Hz display","https://HEXUS.net/tech/news/monitors/118280-samsung-prepares-49-inch-5120-x-1440-resolution-120hz-display/","Investment Topics#Adj_Up#Country#Noun_Up#Verbs_Satisfy#Verbs_Love#Adj_Good#Company#Corporate Topics#Verbs_Down#Region#Tech Topics#Adj_Dow",,"positive"
"6aa1b451-79df-4cf4-996b-55cad432912d","2018-05-15T23:50:53.405Z","Sales of Samsung’s Galaxy S9 surpass one million 60 days after its release","http://english.donga.com/List/3/02/26/1320932/1","Investment Topics#Noun_Up#Country#Adj_Good#Company#Verbs_Down#Region#Verbs_Up#Adj_Dow",,"negative"
"38461cf8-dbb0-406f-aec1-26d1847036a5","2018-05-15T11:26:44.779Z","Samsung in talks with ZTE, others to supply mobile processor chips: executive","https://www.channelnewsasia.com/news/business/samsung-in-talks-with-zte--others-to-supply-mobile-processor-chips--executive-10236330","Investment Topics#Adj_Up#Country#Noun_Up#Industry Sector#Congress#Verbs_Love#Verbs_Down#Verbs_Up#Noun_Down#Company#Corporate Topics#Region#Tech Topics#Adj_Dow",,"negative"
"9e4a81a7-bfb6-4055-957b-36e370927726","2018-05-15T10:18:06.293Z","Samsung Galaxy S9 Tops iPhone X in Download Speed Test","https://news.softpedia.com/news/samsung-galaxy-s9-tops-iphone-x-in-download-speed-test-521126.shtml","Investment Topics#Adj_Up#Country#Verbs_Love#Adj_Good#Company#Region#Tech Topics#Verbs_Up#Adj_Dow",,"positive"
"15c57e8e-2d1b-4081-add3-9f312c856e38","2018-05-15T07:16:39.967Z","Samsung Delays the Fingerprint Sensor Integrated into the Screen (Again)","https://news.softpedia.com/news/samsung-delays-the-fingerprint-sensor-integrated-into-the-screen-again-521121.shtml","Investment Topics#Adj_Up#Country#Noun_Up#Industry Sector#Verbs_Satisfy#Verbs_Love#Adj_Good#Company#Verbs_Down#Region#Verbs_Up#Adj_Dow",,"positive"
"02db1801-f265-48f8-b36a-4780bf5ee4a4","2018-05-11T00:14:12.784Z","Samsung rapidly catches up with Sony in digital image sensors","http://english.donga.com/Home/3/all/26/1315705/1","Investment Topics#Country#Adj_Up#Noun_Up#Industry Sector#Company#Verbs_Down#Region#Tech Topics#Verbs_Up#Adj_Dow",,"positive"
"d3c1ee8f-845f-49f9-b9ab-d48314f27aa2","2018-05-09T08:04:05.551Z","itel pips Samsung, turns fastest growing brand in Bangladesh","http://www.sify.com/finance/fullstory.php?a=sfjlAUedjjgbg&title=itel_pips_Samsung%2C_turns_fastest_growing_brand_in_Bangladesh","Investment Topics#Adj_Up#Noun_Up#Country#Company#Region#Tech Topics#Verbs_U",,"positive"
"a0161df0-79d7-4e03-991f-1c1ac580b2c4","2018-05-09T00:25:33.433Z","Samsung Electronics-Professional digital display solutions","http://www.futureairport.com/contractors/information-display-systems-signage-and-solutions/samsung-electronics1/","Investment Topics#Adj_Up#Country#Noun_Up#Industry Sector#Adj_Good#Company#Corporate Topics#Region#Verbs_Up#Adj_Down#Diagnostics & Treatments#Energy Topic",,"positive"
"af452ae1-5204-4bbe-b7bf-90a46c025f3d","2018-05-07T21:11:12.043Z","Samsung TV Catalog 2018: Here’s every new Samsung TV coming in 2018","https://www.techradar.com/news/samsung-tv-catalog-2018-heres-every-new-samsung-tv-coming-in-2018","Investment Topics#Adj_Up#Country#Noun_Up#Industry Sector#Adj_Bad#Verbs_Love#Verbs_Down#Verbs_Up#Adj_Good#Company#Region#Adj_Down#InfoNgen Defens",,"positive"
"5d2d6fd0-66e2-4798-b839-6d7523774a04","2018-05-04T11:37:44.063Z","Samsung to Launch Galaxy S10 in January, Foldable Phone Coming at MWC 2019","https://news.softpedia.com/news/samsung-to-launch-galaxy-s10-in-january-foldable-phone-coming-at-mwc-2019-520983.shtml","Investment Topics#Country#Noun_Down#Adj_Good#Company#Verbs_Down#Region#Verbs_U",,"negative"
"54b9f215-c060-42ed-b88f-c1ae77bed8e1","2018-05-04T08:36:10.581Z","Apple Up, Samsung Down as Smartphone Sales Decline 2.9%","https://news.softpedia.com/news/apple-up-samsung-down-as-smartphone-sales-decline-2-9-520978.shtml","Investment Topics#Adj_Up#Country#Noun_Up#Industry Sector#Verbs_Down#Verbs_Up#Noun_Down#Adj_Good#Company#Corporate Topics#Region#Tech Topics#Adj_Dow",,"positive"
"227a5fc5-1d38-4dde-a864-addf1eb71740","2018-05-04T06:30:14.775Z","Smartphone Shipments Decline, Samsung Stays In Lead","https://www.mediapost.com/publications/article/318675/smartphone-shipments-decline-samsung-stays-in-lea.html?edition=108895","Investment Topics#Adj_Up#Country#Noun_Up#Industry Sector#Noun_Down#Company#Corporate Topics#Verbs_Down#Region#Tech Topics#Verbs_Up#Adj_Dow",,"negative"
"98752219-9478-4876-9db8-7e004399c8ff","2018-05-02T00:00:00Z","Xiaomi and Huawei drive smartphone growth as Apple and Samsung chase revenue","https://www.techradar.com/news/xiaomi-and-huawei-drive-smartphone-growth-as-apple-and-samsung-chase-revenue","Investment Topics#Adj_Up#Country#Noun_Up#Industry Sector#Verbs_Love#Verbs_Down#Verbs_Up#Noun_Down#Adj_Good#Company#Region#Tech Topics#Adj_Dow",,"positive"
"e30c5093-8e7d-45ad-a736-928a02ddf6ed","2018-04-28T14:04:44.743Z","Apple iPhone Ranks Below Samsung and OnePlus in India Now","https://in.news.yahoo.com/apple-iphone-ranks-below-samsung-123022179.html","Investment Topics#Adj_Up#Country#Noun_Up#Industry Sector#Adj_Bad#Verbs_Love#Verbs_Down#Verbs_Up#Noun_Down#Adj_Good#Company#Corporate Topics#Region#Tech Topics#Adj_Dow",,"negative"
"50709e55-381d-4d2c-a863-ce67b22480ec","2018-04-27T21:52:31.83Z","Samsung Reveals Record-Breaking Quarter Amid Crypto Mining Demand","https://au.finance.yahoo.com/news/samsung-reveals-record-breaking-quarter-224508696.html","Investment Topics#Adj_Up#Country#Noun_Up#Industry Sector#Adj_Bad#Verbs_Love#Verbs_Down#Verbs_Up#Adj_Good#Company#Corporate Topics#Region#Tech Topics#Adj_Dow",,"positive"
"cba7675d-779b-46b2-9461-e760fed0cf85","2018-04-27T18:18:03.313Z","How Long Can Samsung Count On Its DRAM Business To Drive Results?","https://www.forbes.com/sites/greatspeculations/2018/04/27/how-long-can-samsung-count-on-its-dram-business-to-drive-results/","Investment Topics#Adj_Up#Country#Noun_Up#Industry Sector#Adj_Bad#Verbs_Down#Verbs_Up#Noun_Down#Adj_Good#Company#Corporate Topics#Region#Tech Topics#Adj_Dow",,"positive"
"6091a6ee-3ca3-4bc0-8ea5-8141aec56599","2018-04-27T12:17:01.763Z","Africa: Samsung Forecasts Drop in Flagship Model Sales","http://allafrica.com/stories/201804270623.html","Investment Topics#Adj_Up#Country#Noun_Up#Industry Sector#Noun_Down#Adj_Good#Company#Corporate Topics#Verbs_Down#Region#Verbs_U",,"negative"
"5b85ef75-6664-4814-ae78-20133c929e18","2018-04-27T12:16:54.35Z","Samsung is Selling Far Fewer Screens for the iPhone X than it Expected to","https://qz.com/1263556/samsung-is-selling-far-fewer-screens-for-the-iphone-x-than-it-expected-to/?ref=techi.com","Investment Topics#Adj_Up#Country#Industry Sector#Company#Corporate Topics#Region#Tech Topics#Adj_Dow",,"positive"
"e8eebc00-b286-43c3-9d15-542a301116a3","2018-04-27T01:57:07.395Z","Samsung Electronics flags mobile weakness as chips power record first-quarter profit","https://ca.news.yahoo.com/samsung-elec-first-quarter-profit-58-percent-record-000137491--finance.html","Investment Topics#Adj_Up#Country#Noun_Up#Industry Sector#Adj_Bad#Verbs_Down#Verbs_Up#Noun_Down#Adj_Good#Company#Corporate Topics#Region#Tech Topics#Adj_Dow",,"positive"
"3c23adf0-f5b8-442d-9af6-0312f1c76102","2018-04-27T00:07:36.568Z","Samsung rebounds, but losses resume for Hong Kong, China stocks","https://www.marketwatch.com/story/samsung-rebounds-as-stocks-in-south-korea-japan-lead-asian-gains-2018-04-25","Investment Topics#Adj_Up#Country#Noun_Up#Industry Sector#Adj_Bad#Practice Areas#Verbs_Down#Verbs_Up#Typically Excluded Topics#Noun_Down#Adj_Good#Company#Corporate Topics#Region#Tech Topics#Adj_Dow",,"positive"
"323c3bee-8a6d-46aa-ab53-c4fc712dca06","2018-04-26T17:55:46.256Z","Samsung Provides More Evidence Of Weak iPhone X Sales","https://www.investors.com/news/technology/click/samsung-weak-iphone-x-sales/","Investment Topics#Adj_Up#Country#Noun_Up#Industry Sector#Adj_Bad#Verbs_Down#Verbs_Up#Noun_Down#Adj_Good#Company#Corporate Topics#Region#Tech Topics#Adj_Dow",,"negative"
"fbb5c507-a6c4-4384-bd95-a03c9bda8d4f","2018-04-26T11:57:49.374Z","Bloomberg Butchers Samsung OLED Statements to Portray iPhone X as Weak","https://appleinsider.com/articles/18/04/26/bloomberg-butchers-samsung-oled-statements-to-portray-iphone-x-as-weak?ref=techi.com","Investment Topics#Adj_Up#Country#Noun_Up#Industry Sector#Adj_Bad#Verbs_Love#Verbs_Down#Verbs_Up#Verbs_Satisfy#Noun_Down#Adj_Good#Company#Corporate Topics#Region#Tech Topics#Adj_Dow",,"negative"
"29b4594a-58d8-46e8-a8d3-014c95c401c7","2018-04-26T08:56:56.383Z","Samsung beats profit estimates, but warns of weak smartphone demand","https://www.hindustantimes.com/business-news/samsung-beats-profit-estimates-but-warns-of-weak-smartphone-demand/story-O8qn9bzUf7HP4rILasso8O.html","Investment Topics#Adj_Up#Country#Noun_Up#Industry Sector#Adj_Bad#Verbs_Love#Verbs_Down#Verbs_Up#Noun_Down#Adj_Good#Company#Corporate Topics#Region#Tech Topics#Adj_Dow",,"positive"
"9b13a103-e113-4d30-adbc-1fe07a01aed5","2018-04-26T06:31:33.532Z","Samsung net profit rises 52% in Q1","http://www.sify.com/finance/fullstory.php?a=se0iAVeegjhfc&title=Samsung_net_profit_rises_52%25_in_Q1","Investment Topics#Adj_Up#Noun_Up#Country#Company#Corporate Topics#Region#Verbs_U",,"positive"
"f1c2bfb5-b710-445b-acf5-2601db1c1382","2018-04-26T06:05:05.624Z","Samsung net profit rises 52% in Q1","https://www.siliconindia.com/finance/news/Samsung-net-profit-rises-52-in-Q1-nid-204197.html","Investment Topics#Noun_Up#Country#Verbs_Love#Company#Corporate Topics#Region#Verbs_U",,"positive"
"8a536f0a-62e1-4bff-8d74-888d6aa66bc3","2018-04-26T01:47:20.804Z","Samsung reports 4th straight record quarter","http://www.marketwatch.com/story/samsung-reports-4th-straight-record-quarter-2018-04-25","Investment Topics#Adj_Up#Country#Noun_Up#Industry Sector#City#Adj_Bad#Verbs_Down#Verbs_Up#Noun_Down#Adj_Good#Company#Corporate Topics#Region#Tech Topics#Adj_Dow",,"negative"
"b1f7b38b-34c7-4878-a639-e57861fc5bb4","2018-04-24T13:33:57.333Z","Apple Rumored in Talks with Samsung to Lower OLED Costs for 2018 iPhones","https://appleinsider.com/articles/18/04/24/apple-rumored-in-talks-with-samsung-to-lower-oled-costs-for-2018-iphones?ref=techi.com","Investment Topics#Adj_Up#Country#Noun_Up#Industry Sector#Adj_Bad#Noun_Down#Company#Corporate Topics#Verbs_Down#Region#Adj_Dow",,"negative"
"098ada04-8393-448b-8576-6db3592ca63a","2018-04-24T00:00:00Z","Apple recruits Samsung VP to kickstart growth in South Korea","https://www.engadget.com/2018/04/24/apple-recruits-samsung-vp-korea/","Investment Topics#Adj_Up#Country#Noun_Up#Industry Sector#City#Verbs_Love#Verbs_Down#Verbs_Up#Noun_Down#Adj_Good#Company#Corporate Topics#Region#Adj_Dow",,"positive"
"ac9d4f8a-f023-41e9-8ef6-02186d11975a","2018-04-23T14:12:00Z","Samsung Launches New Initiative “Pilot Season” to Ignite Exclusive Episodic VR Content in Samsung VR Video","http://www.businesswire.com/news/home/20180423005839/en","Investment Topics#Adj_Up#Country#Noun_Up#City#Verbs_Love#Verbs_Up#Adj_Good#Company#State#Corporate Topics#Region#Tech Topics#Adj_Dow",,"positive"
"207264d9-5b64-450e-8d10-fb2d18bb5c44","2018-04-23T00:00:00Z","Rise in global semiconductor revenue in 2017; Samsung tops: Gartner","http://www.cioandleader.com/article/2018/04/23/rise-global-semiconductor-revenue-2017-samsung-tops-gartner","Investment Topics#Adj_Up#Country#Noun_Up#Industry Sector#Noun_Down#Adj_Good#Company#Corporate Topics#State#Region#Verbs_U",,"positive"
"34a0a8f3-5839-4e88-9fcd-e384626acabe","2018-04-20T23:10:46.889Z","Android Circuit: New Galaxy Note Confirmed, OnePlus 6 Details Leak, Secret Galaxy Notch Revealed","https://www.forbes.com/sites/ewanspence/2018/04/20/android-google-news-samsung-galaxys9-s9plus-galaxynotch-oneplus6-nokia7plus/","Investment Topics#Adj_Up#Country#Noun_Up#Industry Sector#Adj_Bad#Verbs_Down#Verbs_Up#Noun_Down#Adj_Good#Company#Corporate Topics#Region#Tech Topics#Adj_Dow",,"negative"
"31667edc-5779-480c-8455-eff1e8c87d71","2018-04-20T00:00:00Z","Samsung Electronics to expand production in Vietnam","https://uk.reuters.com/article/us-samsung-elec-vietnam/samsung-electronics-to-expand-production-in-vietnam-idUKKBN1HR1SD","Investment Topics#Adj_Up#Country#Industry Sector#Company#Corporate Topics#Region#Tech Topics#Verbs_U",,"positive"
"05055d56-8747-4c56-b754-e338611c15e7","2018-04-19T23:50:03.965Z","Samsung: We have fulfilled all our promises to Vietnam","http://en.vietstock.vn/2018/04/samsung-we-have-fulfilled-all-our-promises-to-vietnam-974-317191.htm","Investment Topics#Adj_Up#Country#Noun_Up#Verbs_Disappoint#Verbs_Satisfy#Adj_Bad#Verbs_Love#Adj_Good#Company#Region#Verbs_U",,"positive"
"2b97baab-619e-4cf7-8f18-0ea53c8dcf89","2018-04-19T14:34:48.408Z","Apple’s Users Still More Loyal than Samsung’s","http://news.softpedia.com/news/apple-s-users-still-more-loyal-than-samsung-s-520760.shtml","Investment Topics#Country#Adj_Up#Industry Sector#Adj_Good#Company#Corporate Topics#Region#Verbs_U",,"positive"
"3ef1bfa8-8604-4517-ad9d-3bb2c2cd239a","2018-04-13T12:23:19.844Z","Samsung Pay lifts the veil on Rewards progress","https://www.finextra.com/pressarticle/73456/samsung-pay-lifts-the-veil-on-rewards-progress?utm_medium=rss&utm_source=finextrafeed","Investment Topics#Adj_Up#Country#City#Verbs_Love#Adj_Good#Company#Corporate Topics#Region#Financial Services Topic",,"positive"
"25650afb-2d49-419b-96c1-e011f556ddd8","2018-04-12T23:38:03.923Z","New Samsung Smartphone Outguns Galaxy S9, iPhone X","https://www.forbes.com/sites/gordonkelly/2018/04/12/samsung-new-galaxy-smartphone-galaxy-s9-galaxy-note-9-galaxy-s10-specs-price-release-date/","Investment Topics#Country#Industry Sector#Adj_Bad#Verbs_Love#Adj_Good#Company#Corporate Topics#Region#Tech Topics#Verbs_Up#Adj_Dow",,"positive"
"515b80ba-1f92-4e5b-859c-b8486d671ac4","2018-04-12T10:05:59.161Z","Samsung's smartphone market share has dropped to a mere 0.8 percent in China: Report","https://in.news.yahoo.com/samsung-apos-smartphone-market-share-094921324.html","Investment Topics#Adj_Up#Country#Noun_Up#Industry Sector#Adj_Bad#Verbs_Down#Verbs_Up#Adj_Good#Company#Corporate Topics#Region#Tech Topics#Adj_Dow",,"positive"
"026c49e0-6d90-44ba-acef-9515fc9e1c85","2018-04-12T00:48:29.604Z","Samsung worker’s $140 billion typo","https://www.sunshinecoastdaily.com.au/news/a-major-financial-accident-samsung-employee-makes-/3384763/","Investment Topics#Adj_Up#Country#Industry Sector#Verbs_Disappoint#Adj_Bad#Practice Areas#Company#Corporate Topics#Regio",,"positive"
"832864c1-93b7-48fc-b993-675dc2b8a8b7","2018-04-10T05:33:55.624Z","Samsung Sec 'fat finger' debacle deepens as pension fund halts trade","http://www.euronews.com/2018/04/10/samsung-sec-fat-finger-debacle-deepens-as-pension-fund-halts-trade","Investment Topics#Adj_Up#Country#Industry Sector#Noun_Down#Adj_Good#Company#Corporate Topics#Region#Verbs_Up#Adj_Down#Financial Services Topic",,"negative"
"5d1bb224-e7db-4e30-9ab5-d1d1c08cfb15","2018-04-10T00:42:17.683Z","New iPhone Product(Red) Fights Samsung's Special Edition Red Galaxy","https://www.forbes.com/sites/ewanspence/2018/04/09/apple-iphone8-productred-versus-samsung-galaxys9-burgundyred/","Investment Topics#Adj_Up#Country#Noun_Up#Industry Sector#Noun_Down#Adj_Good#Company#Corporate Topics#Verbs_Down#Region#Verbs_Up#Adj_Dow",,"negative"
"98ae556a-d57c-4b73-9a9b-34960e4e8aa0","2018-04-09T15:12:23.409Z","Samsung C&T mulling raising up to $2.8 billion to buy stake in biopharma...","http://www.euronews.com/2018/04/09/samsung-ct-mulling-raising-up-to-2-point-8-billion-to-buy-stake-in-biopharma-affiliate-mbc","Investment Topics#Adj_Up#Country#Noun_Up#Industry Sector#Drugs#Company#Corporate Topics#Region#Verbs_Up#Adj_Dow",,"positive"
"b8c336b4-dab6-481e-a376-f1dab99600ab","2018-04-09T00:29:01.152Z","Samsung turns smartphone into smart speaker","https://japantoday.com/category/features/new-products/samsung-turns-smartphone-into-smart-speaker","Investment Topics#Country#Noun_Up#Verbs_Love#Company#Region#Tech Topics#Verbs_U",,"positive"
"39df8eae-b03d-4012-a7fe-2eeb9a83dc4a","2018-04-06T13:42:36.287Z","Samsung India sees strong growth in HVAC market","https://www.moneycontrol.com/news/business/samsung-india-sees-strong-growth-in-hvac-market-2544195.html","Investment Topics#Adj_Up#Country#Noun_Up#Industry Sector#Verbs_Love#Adj_Good#Company#Region#Verbs_Up#Adj_Dow",,"positive"
"cf212d35-7891-4844-b929-c1700c2def39","2018-04-06T09:24:46.716Z","Samsung forecasts first quarter profit to jump 57.6 percent year on year","https://www.cnbc.com/video/2018/04/06/samsung-forecasts-first-quarter-profit-to-jump-57-point-6-percent-year-on-year.html","Investment Topics#Country#Noun_Up#Company#Corporate Topics#Region#Verbs_U",,"positive"
"9717dc15-176c-40f4-ac4d-5ef6eec421b7","2018-04-06T05:10:30Z","Samsung forecasts Q1 profit up 57.6%","https://www.electronicsweekly.com/news/business/samsung-forecasts-q1-profit-57-6-2018-04/","Investment Topics#Adj_Up#Country#Noun_Up#Industry Sector#Noun_Down#Company#Corporate Topics#Region#Verbs_U",,"positive"
"a7566f95-fa09-4601-90ac-56271fd81ea5","2018-04-06T00:38:46.391Z","Samsung Electronics estimates 56 percent jump in profit","http://www.centredaily.com/news/business/article208097384.html#navlink=SecList","Investment Topics#Adj_Up#Country#Noun_Up#Industry Sector#Adj_Bad#Adj_Good#Company#Corporate Topics#Verbs_Down#Region#Verbs_Up#Adj_Dow",,"negative"
"48a633ed-a287-485f-ba6d-92a0429882dc","2018-04-06T00:05:26.447Z","Samsung explains the sensor tech behind the Galaxy S9's super-slow-motion mode","https://www.dpreview.com/news/9804739247/samsung-explains-the-galaxy-s9-super-slow-motion-mode","Investment Topics#Adj_Up#Country#Noun_Up#Industry Sector#Congress#Adj_Bad#Verbs_Down#Verbs_Up#Noun_Down#Adj_Good#Company#Corporate Topics#State#Region#Tech Topic",,"positive"
"4a0a28da-251f-45e3-9487-8f2d5af709a2","2018-04-05T00:46:05.807Z","Samsung Galaxy S9 and S9+ Smartphone Review","http://www.gadgetreview.com/samsung-galaxy-s9-and-s9-smartphone-review","Investment Topics#Adj_Up#Country#Noun_Up#Industry Sector#Adj_Bad#Verbs_Love#Verbs_Up#Verbs_Disappoint#Verbs_Satisfy#Noun_Down#Adj_Good#Company#Corporate Topics#Regio",,"positive"
"fa94293b-34da-43fc-8ea2-cf40429ff80c","2018-04-04T00:39:21.172Z","Samsung's first-quarter profit seen at US$13.7 billion as DRAM chip margins soar","https://www.channelnewsasia.com/news/technology/samsung-s-first-quarter-profit-seen-at-us-13-7-billion-as-dram-chip-margins-soar-10101782","Investment Topics#Adj_Up#Country#Noun_Up#Industry Sector#Adj_Bad#Verbs_Down#Verbs_Up#Noun_Down#Adj_Good#Company#Corporate Topics#Region#Tech Topics#Adj_Dow",,"negative"
"83627633-ad15-4f27-b643-44a9ccf3100b","2018-04-02T17:16:18.733Z","Samsung's Smartphone Business Could Face Some Headwinds","https://www.forbes.com/sites/greatspeculations/2018/04/02/samsungs-smartphone-business-could-face-some-headwinds/","Investment Topics#Adj_Up#Country#Noun_Up#Industry Sector#Adj_Bad#Adj_Good#Company#Region#Tech Topics#Verbs_Up#Adj_Dow",,"negative"
"f56ccb8c-d3bd-4329-84a3-90b5046d54f2","2018-04-02T08:58:13.153Z","Samsung overtakes IBM for top spot in US patent portfolio","https://in.news.yahoo.com/samsung-overtakes-ibm-top-spot-us-patent-portfolio-080804529.html","Investment Topics#Adj_Up#Country#Noun_Up#Industry Sector#Adj_Good#Practice Areas#Company#Corporate Topics#Region#Verbs_U",,"positive"
"d617dd86-d073-4b04-9271-810706a24618","2018-04-01T23:24:36.34Z","Samsung launches the Notebook 5 and Notebook 3 for """"everyday premium"""" computing","https://www.techradar.com/news/samsung-launches-the-notebook-5-and-notebook-3-for-everyday-premium-computing","Investment Topics#Adj_Up#Country#Noun_Up#Industry Sector#Adj_Bad#Verbs_Up#Noun_Down#Adj_Good#Company#Corporate Topics#Region#Tech Topic",,"positive"
"cb180cce-664f-4a93-a79d-39b5f68b01ef","2018-03-19T09:45:00Z","USP Capital: Ex- Samsung and Google Managers Teamed up to Launch a New Virtual Economy Through an AR/VR Assets Blockchain Combined with Games Based on Google Maps API","http://www.businesswire.com/news/home/20180319005522/en","Investment Topics#Adj_Up#Country#Noun_Up#Industry Sector#City#Adj_Bad#Company#Corporate Topics#Region#Tech Topics#Verbs_U",,"positive"
"ba68f424-ee10-41c7-b36a-f6014b925d78","2018-03-08T16:00:00Z","Samsung Enhances Chip-Scale LED Package Lineup with Industry’s Highest Luminous Efficacies","https://www.businesswire.com/news/home/20180308005594/en","Investment Topics#Adj_Up#Country#Verbs_Satisfy#Adj_Good#Company#Corporate Topics#Region#Verbs_U",,"positive"
"e6059ca8-5aac-438f-ad4e-240c02fc48ad","2018-03-06T14:00:00Z","WellDoc’s Digital Platform for Type 2 Diabetes Powers “Diabetes Wellness Program” Within Samsung Health","http://www.businesswire.com/news/home/20180306005587/en","Investment Topics#Adj_Up#Country#Noun_Up#Industry Sector#Adj_Good#Company#Corporate Topics#Region#Tech Topics#Verbs_Up#Diagnostics & Treatment",,"positive"
"68ae586b-6dad-49be-98f3-b08d8114e507","2018-02-28T20:04:00Z","Samsung NeuroLogica and Sonex Health Announce Strategic Partnership: Setting the Stage for Ultrasound-Guided Micro-Invasive Procedures","http://www.businesswire.com/news/home/20180228006379/en","Investment Topics#Adj_Up#Country#Noun_Up#Industry Sector#Adj_Good#Company#Corporate Topics#Verbs_Down#Region#Verbs_Up#Adj_Dow",,"positive"
"856f0d49-6f71-4095-b70a-494dcaab1618","2018-02-27T14:30:00Z","Samsung Joins xRAN Forum to Advance Next-Gen 5G Technologies","http://www.businesswire.com/news/home/20180227005956/en","Investment Topics#Adj_Up#Country#Noun_Up#Industry Sector#Verbs_Down#Verbs_Up#Financial Services Topics#Adj_Good#Company#Corporate Topics#Region#Tech Topics#Adj_Dow",,"positive"
"5bb0d2f8-6394-4b5c-b301-4779026c2e86","2018-02-26T06:00:00Z","HARMAN and Samsung ARTIK™ Usher in Breakthrough IoT Technology in Key Industries","http://www.businesswire.com/news/home/20180225005080/en","Investment Topics#Adj_Up#Country#Noun_Up#Industry Sector#Verbs_Love#Verbs_Up#Verbs_Satisfy#Noun_Down#Adj_Good#Company#Corporate Topics#Region#Tech Topic",,"positive"
"45b389a5-65b8-45f7-aaf1-89cd31174270","2018-02-08T02:00:00Z","Samsung Begins Mass Production of 256GB Embedded Universal Flash Storage for Automotive Applications","http://www.businesswire.com/news/home/20180207006404/en","Investment Topics#Adj_Up#Country#Noun_Up#Industry Sector#Adj_Good#Company#Corporate Topics#Verbs_Down#Region#Verbs_Up#Adj_Dow",,"positive"
"3535f904-7edc-40d4-847b-c0e647e212f2","2018-02-02T01:17:00Z","Apple Passes Samsung to Capture the Top Position in the Worldwide Smartphone Market While Overall Shipments Decline 6.3% in the Fourth Quarter, According to IDC","http://www.businesswire.com/news/home/20180201006780/en","Investment Topics#Adj_Up#Country#Noun_Up#Industry Sector#Verbs_Love#Verbs_Down#Verbs_Up#Verbs_Satisfy#Noun_Down#Adj_Good#Company#Corporate Topics#Region#Tech Topics#Adj_Dow",,"negative"
"7f6b447b-7050-43d8-bf21-9ecbcf507b82","2018-01-23T15:00:00Z","Samsung Electronics Advances SATA Lineup with 860 PRO and 860 EVO Solid State Drives Powered by V-NAND","http://www.businesswire.com/news/home/20180123005996/en","Investment Topics#Adj_Up#Country#Noun_Up#Industry Sector#Verbs_Satisfy#Adj_Good#Company#Corporate Topics#Region#Verbs_U",,"positive"
